{
 "full": {
  "q": 1982,
  "r1": 0.641271442986882,
  "r3": 0.8183652875882946,
  "r5": 0.8814328960645812,
  "mrr": 0.7360494450050447
 },
 "digest": {
  "q": 1982,
  "r1": 0.4682139253279516,
  "r3": 0.6781029263370333,
  "r5": 0.7613521695257316,
  "mrr": 0.5788681466532135
 }
}