{
 "full": {
  "queries": 24,
  "recall1": 0.75,
  "recall3": 0.9583333333333334,
  "recall5": 0.9583333333333334,
  "mrr": 0.8472222222222222
 },
 "digest": {
  "queries": 24,
  "recall1": 0.7916666666666666,
  "recall3": 0.9166666666666666,
  "recall5": 1.0,
  "mrr": 0.8659722222222221
 },
 "gap_recall5": -0.04166666666666663,
 "gap_mrr": -0.018749999999999933
}